{
    "zero_optimization": {
        "stage": 3,
        "allgather_partitions": true,
        "allgather_bucket_size": 5e8,
        "reduce_scatter": true,
        "reduce_bucket_size": "auto",
        "overlap_comm": true,
        "contiguous_gradients": true,
        "sub_group_size": 1e9,
        "stage3_prefetch_bucket_size": "auto",
        "stage3_param_persistence_threshold": "auto",
        "stage3_max_live_parameters": 1e9,
        "stage3_max_reuse_distance": 1e9,
        "stage3_gather_16bit_weights_on_model_save": true
    },
    "scheduler": {
        "type": "WarmupDecayLR",
        "params": {
            "warmup_min_lr": "auto",
            "warmup_max_lr": "auto",
            "warmup_num_steps": "auto",
            "total_num_steps": "auto"
        }
    },
    "fp16": {
        "enabled": false,
        "auto_cast": false,
        "loss_scale": 0,
        "loss_scale_window": 1000,
        "initial_scale_power": 32,
        "hysteresis": 2,
        "min_loss_scale": 1
    },
    "bf16": {
        "enabled": true
    },
    "optimizer": {
        "type": "AdamW",
        "params": {
            "lr": "auto",
            "weight_decay": "auto",
            "betas": "auto",
            "eps": "auto",
            "torch_adam": true,
            "adam_w_mode": true
        }
    },
    "gradient_accumulation_steps": "auto",
    "gradient_clipping": "auto",
    "steps_per_print": 1000,
    "train_batch_size": "auto",
    "train_micro_batch_size_per_gpu": "auto",
    "wall_clock_breakdown": false
}